nama_properti,harga,alamat,luas_tanah (m²),luas_bangunan (m²),jumlah_kamar_mandi,jumlah_kamar_tidur
Rumah Klasik di tengah kota Sragen,Rp 12.000.000.000,"Sragen, Sragen Kab.",945.0,862.0,4.0,6.0
DIJUAL BANGUNAN PENDOPO JOGLO,Rp 1.500.000.000,"Tahunan, Jepara Kab.",488.0,326.0,2.0,3.0
Tanah Dijual - di Jl Raya Tayu Pati (sebelah kiri BPR Mitra Tayu)PR,Rp 3.500.000.000,"Tayu, Pati Kab.",457.0,322.0,2.0,3.0
Dijual cepat tanah lokasi strategis,Rp 515.000.000,"Klaten Tengah, Klaten Kab.",277.0,188.0,1.0,2.0
Rumah Hunian Nyaman dan Tenang,Rp 2.500.000.000,"Kartasura, Sukoharjo Kab.",456.0,332.0,2.0,3.0
Rumah Siap Huni Lokasi Super Strategis Dekat UNIMUS,Rp 1.300.000.000,"Tembalang, Semarang Kota",452.0,371.0,2.0,3.0
Jual Rumah Perumahan Kirana Mas,Rp 225.000.000,"Margorejo, Pati Kab.",293.0,183.0,1.0,2.0
Rumah Pamujan Asri Karang Klesem purwokerto jawa tengah,Rp 195.000.000,"Purwokerto Selatan, Banyumas Kab.",289.0,194.0,1.0,2.0
Disewakan rumah di Ngembik Kota Magelang,Rp 15.000.000,"Magelang Utara, Magelang Kota",291.0,212.0,1.0,2.0
"Di Jual Tanah Kavling Shm, startegis Blkng Hotel Fave Manahan",Rp 5.500.000,"Banjarsari, Surakarta Kota",326.0,195.0,1.0,2.0
Dijual Rumah Estetik Minimalis Klipang,Rp 400.000.000,"Tembalang, Semarang Kota",290.0,185.0,1.0,2.0
Rumah Mewah Harga Miring Dekat Undip Bukit Tembakau Banyumanik,Rp 3.200.000.000,"Banyumanik, Semarang Kota",450.0,337.0,2.0,3.0
Ready Hadap Timur Perumahan System Cluster Gentan Belakang Luwes,Rp 630.000.000,"Pajang, Surakarta Kota",278.0,184.0,1.0,2.0
Rumah Subsidi Semarang,Rp 166.000.000,"Tembalang, Semarang Kota",273.0,213.0,1.0,2.0
"Rumah Usaha, Dekat Jalan Majapahit, Jalan Bisa 2 Mobil",Rp 2.745.600.000,"Semarang Timur, Semarang Kota",516.0,342.0,2.0,3.0
barat pom bejen,Rp 1.700.000,"Karanganyar, Karanganyar Kab.",292.0,191.0,1.0,2.0
Rumah murah siap huni di lingkungan strategis di Tegal,Rp 365.000.000,"Kramat, Tegal Kab.",305.0,203.0,1.0,2.0
Panorama Candi Borobudur Utara Manyaran Semarang Barat,Rp 670.000.000,"Semarang Barat, Semarang Kota",302.0,207.0,1.0,2.0
"DISEWAKAN. RUMAH CLUSTER KAMPUNG SEMAWIS, UNIMUS. KELUARGA / MAHASISWI",Rp 38.000.000,"Tembalang, Semarang Kota",287.0,200.0,1.0,2.0
Dijual cepat rumah siap huni,Rp 370.000.000,"Kutoarjo, Purworejo Kab.",287.0,215.0,1.0,2.0
"Rumah Usaha Kuliner
Letak Dekat Kampus UDINUS
Parkir Luas",Rp 2.500.000.000,"Semarang Tengah, Semarang Kota",450.0,357.0,2.0,3.0
"TANAH DEKAT UNSOED Fakultas Teknik, Purbalingga",Rp 260.000.000,"Kalimanah, Purbalingga Kab.",329.0,206.0,1.0,2.0
Dijual cepat rumah kost aktif di Perumda Tembalang dekat Undip wkn,Rp 2.750.000.000,"Tembalang, Semarang Kota",461.0,380.0,2.0,3.0
Tanah Gombel Semarang Dengan View Kota,Rp 50.000.000.000,"Jangli, Semarang Kota",994.0,727.0,4.0,6.0
RUMAH MURAH PALING LARIS SHM DEKAT CANDI BOROBUDUR,Rp 610.000.000,"Borobudur, Magelang Kab.",297.0,201.0,1.0,2.0
rumah kos sumur boto banyumanik,Rp 2.000.000.000,"Banyumanik, Semarang Kota",487.0,358.0,2.0,3.0
"rumah klentengsari banyumanik, dekat sd alhasar",Rp 7.500.000.000,"Banyumanik, Semarang Kota",646.0,467.0,3.0,4.0
dijual rumah di bolon colomadu barat AURI sisa 2 unit rumah,Rp 350.000.000,"Colomadu, Karanganyar Kab.",278.0,184.0,1.0,2.0
Rumah murah banget ayu semarang timur,Rp 300.000.000,"Semarang Timur, Semarang Kota",292.0,207.0,1.0,2.0
Kost gondang tembalang 5 menit Undip,Rp 2.200.000.000,"Tembalang, Semarang Kota",495.0,353.0,2.0,3.0
Rumah dijual Solo di sumber Banjarsari Surakarta,Rp 50.000.000,"Sumber, Surakarta Kota",313.0,184.0,1.0,2.0
RUMAH KOMERSIL HANYA 2 JUTA ALL IN Berlian village,Rp 375.000.000,"Ungaran Barat, Semarang Kab.",308.0,194.0,1.0,2.0
Rumah siap huni,Rp 550.000.000,"Kemangkon, Purbalingga Kab.",283.0,202.0,1.0,2.0
Dijual segera tanpa perantara,Rp 800.000.000,"Klaten Utara, Klaten Kab.",286.0,193.0,1.0,2.0
Rumah Bukit Sari Semarang,Rp 7.000.000.000,"Banyumanik, Semarang Kota",640.0,501.0,3.0,4.0
Rumah Kost Exclusive Undip Tembalang Free AC Tiap Kamar,Rp 3.750.000.000,"Tembalang, Semarang Kota",464.0,377.0,2.0,3.0
Kost bangunan baru di ring satu kampus unnes gunungpati semarang,Rp 4.100.000.000,"Gunungpati, Semarang Kota",499.0,315.0,2.0,3.0
Rumah kost Depan Undip Tembalang Semarang,Rp 4.850.000.000,"Tembalang, Semarang Kota",513.0,367.0,2.0,3.0
Rumah Mewah di Dekat UNS. Last Unit,Rp 644.890.000,"Pasar Kliwon, Surakarta Kota",327.0,218.0,1.0,2.0
Perumahan Skandinavian Lokasi Strategis Dekat Enter Tol Karanganyar,Rp 500.000.000,"Polokarto, Sukoharjo Kab.",308.0,205.0,1.0,2.0
Rumah Mewah American Style di Dekat Al-Azhar Pati Kota,Rp 648.890.000,"Pati, Pati Kab.",306.0,190.0,1.0,2.0
Perumahan Mewah Skandinavian Berlokasi Strategis Kota Pati,Rp 690.000.000,"Pati Kab., Jawa Tengah",272.0,217.0,1.0,2.0
BARU  Rumah Mewah Dapatkan Harga Spesial Hanya untuk 2 Unit Pertama,Rp 368.900.000,"Tasikmadu, Karanganyar Kab.",275.0,192.0,1.0,2.0
Investasi Property  Rumah Murah Dengan Lokasi Strategis,Rp 522.000.000,"Surakarta Kota, Jawa Tengah",296.0,195.0,1.0,2.0
Rumah Kost Undip Pinggir Jalan Raya Tembalang,Rp 9.700.000.000,"Tembalang, Semarang Kota",759.0,547.0,3.0,4.0
Rumah Mewah Impianmu Ada Disini Dekat UNS,Rp 469.800.000,"Mojolaban, Sukoharjo Kab.",284.0,190.0,1.0,2.0
Jual Rumah di daerah Seragen,Rp 150.000.000,"Masaran, Sragen Kab.",302.0,189.0,1.0,2.0
Tanah di candi gedongsongo,Rp 400.000,"Bandungan, Semarang Kab.",314.0,186.0,1.0,2.0
Rumah murah Promo! Sultan R.Ngemplak. Ready unit!,Rp 325.000.000,"Kartasura, Sukoharjo Kab.",288.0,205.0,1.0,2.0
Jual Rumah Cluster cantik,Rp 825.000.000,"Colomadu, Karanganyar Kab.",292.0,205.0,1.0,2.0
Rumah Luas Nyaman & Apik di Cluster Elite Gentan,Rp 1.900.000.000,"Baki, Sukoharjo Kab.",526.0,382.0,2.0,3.0
Rumah Satu Lantai dengan Alam Asri Kota Temanggung,Rp 450.000.000,"Boja, Kendal Kab.",279.0,184.0,1.0,2.0
TANAH DIJUAL UTARA PURWOKERTO BANJARSARI WETAN,Rp 165.000.000,"Purwokerto Utara, Banyumas Kab.",293.0,196.0,1.0,2.0
TANAH DIJUAL  PURWOKERTO BANJARSARI WETAN,Rp 165.000.000,"Purwokerto Utara, Banyumas Kab.",297.0,208.0,1.0,2.0
Rumah 2 Lantai Utara Hotel Alana Colomadu hanya 600 jutaan,Rp 625.000.000,"Colomadu, Karanganyar Kab.",286.0,207.0,1.0,2.0
Rumah 2 Lantai Utara Hotel Alana Colomadu hanya 600 jutaan,Rp 625.000.000,"Banjarsari, Surakarta Kota",324.0,189.0,1.0,2.0
TANAH 619M BONUS BANGUNAN RUMAH 300M DI PUSAT KOTA CILACAP,Rp 2.700.000.000,"Cilacap Tengah, Cilacap Kab.",524.0,337.0,2.0,3.0
[BONUS GRATIS BIAYA LAIN2] RUMAH DI COLOMADU DEKAT ENTER TOL KLODRAN D,Rp 590.000.000,"Banjarsari, Surakarta Kota",314.0,199.0,1.0,2.0
Disewakan Gudang Tahunan Di Kic Jl. Gatot Subroto Semarang,Rp 1.417.500.000,"Semarang Kab., Jawa Tengah",520.0,329.0,2.0,3.0
[3 UNIT TERAKHIR] RUMAH DI COLOMADU DEKAT HOTEL AYOM JAVA VILLAGE,Rp 600.000.000,"Banjarsari, Surakarta Kota",279.0,193.0,1.0,2.0
[1 UNIT TERAKHIR] RUMAH DI GEDONGAN COLOMADU DEKAT ENTER TOL SOLO,Rp 400.000.000,"Banjarsari, Surakarta Kota",299.0,200.0,1.0,2.0
[JALAN 7 METER] RUMAH DI BOLON COLOMADU DEKAT BANDARA DAN KFC KARTASUR,Rp 360.000.000,"Banjarsari, Surakarta Kota",299.0,182.0,1.0,2.0
"Jual Rumah di daerah Ngemplakseneng, Manisrenggo, Klaten",Rp 150.000.000,"Manisrenggo, Klaten Kab.",320.0,209.0,1.0,2.0
Rumah 2 Lantai LT 125m Murah Mewah Graha Estetika Undip Tembalang,Rp 2.200.000.000,"Tembalang, Semarang Kota",549.0,365.0,2.0,3.0
Jual Rumah bisa buat kos dan usaha + gratis perabotan,Rp 2.750.000.000,"Kartasura, Sukoharjo Kab.",470.0,383.0,2.0,3.0
"( Banyumanik )Habiskan promonya, cluster elegant ( progres bangun )",Rp 355.000.000,"Banyumanik, Semarang Kota",298.0,212.0,1.0,2.0
Kos Penuh di Kota Tegal,Rp 971.000.000,"Tegal Barat, Tegal Kota",289.0,192.0,1.0,2.0
Rumah kost eksklusif aktif strategis tengah kota solo,Rp 5.500.000.000,"Laweyan, Surakarta Kota",710.0,474.0,3.0,4.0
RUMAH MEWAH BOSSTANIA 2 LANTAI TIMUR KAMPUS UNS,Rp 500.000.000,"Mojolaban, Sukoharjo Kab.",307.0,192.0,1.0,2.0
Ruko 2 lantai strategis di gentan solo,Rp 1.900.000.000,"Pajang, Surakarta Kota",493.0,315.0,2.0,3.0
[BONUS GRATIS BIAYA LAIN2] RUMAH DI COLOMADU DEKAT ENTER TOL KLODRAN D,Rp 590.000.000,"Banjarsari, Surakarta Kota",273.0,202.0,1.0,2.0
RUMAH MEWAH BOSSTANIA 2 KAMAR TIDUR TIMUR PUSAT KOTA SOLO,Rp 370.000.000,"Mojolaban, Sukoharjo Kab.",321.0,210.0,1.0,2.0
RUMAH PERUMAHAN MEWAH 2 LANTAI DI TIMUR PUSAT KOTA SOLO,Rp 500.000.000,"Mojolaban, Sukoharjo Kab.",304.0,191.0,1.0,2.0
"Rumah Cluster 2 lantai di lokasi premium Banyumanik, semarang",Rp 850.000.000,"Banyumanik, Semarang Kota",315.0,217.0,1.0,2.0
[3 UNIT TERAKHIR] RUMAH DI COLOMADU DEKAT HOTEL AYOM JAVA VILLAGE,Rp 600.000.000,"Banjarsari, Surakarta Kota",310.0,189.0,1.0,2.0
[1 UNIT TERAKHIR] RUMAH DI GEDONGAN COLOMADU DEKAT ENTER TOL SOLO,Rp 400.000.000,"Banjarsari, Surakarta Kota",326.0,205.0,1.0,2.0
[JALAN 7 METER] RUMAH DI BOLON COLOMADU DEKAT BANDARA DAN KFC KARTASUR,Rp 360.000.000,"Banjarsari, Surakarta Kota",323.0,183.0,1.0,2.0
tanah pinggir jalan raya cocok untuk Usaha di sambiroto Tembalang,Rp 2.289.000.000,"Tembalang, Semarang Kota",490.0,343.0,2.0,3.0
Dijual Tanpa Perantara di Jl BANGAU RAYA ( belakang RSUD Wongsonegoro),Rp 570.000.000,"Tembalang, Semarang Kota",311.0,211.0,1.0,2.0
Dijual tanah 1.9 hektar (4 m nego),Rp 4.000.000.000,"Kandeman, Batang Kab.",517.0,323.0,2.0,3.0
"Rumah Second Di Jual Murah Siap Huni di dekat Kampus UMS, Kartasura",Rp 1.700.000.000,"Kartasura, Sukoharjo Kab.",487.0,337.0,2.0,3.0
Jual rumah / rumah kost AC 5 menit ke undip tembalang,Rp 675.000.000,"Tembalang, Semarang Kota",271.0,185.0,1.0,2.0
CARI RUMAH MURAH DI SOLO DEKAT FASILITAS UMUM,Rp 300.000.000,"Mojolaban, Sukoharjo Kab.",310.0,201.0,1.0,2.0
KAVLING PREMIUM GUNUNG PATI 2 MENIT DARI RUMAH SAKIT,Rp 369.000.000,"Gunungpati, Semarang Kota",309.0,204.0,1.0,2.0
CARI RUMAH MEWAH DI KOTA PATI DENGAN VIEW PEGUNUNGAN,Rp 600.000.000,"Mojolaban, Sukoharjo Kab.",272.0,195.0,1.0,2.0
"Rumah 2 lantai Cluster daerah Premium Banyumanik, kota Semarang",Rp 850.000.000,"Banyumanik, Semarang Kota",316.0,182.0,1.0,2.0
CARI RUMAH MURAH DI KOTA PATI DEKAT FASILITAS UMUM,Rp 500.000.000,"Pati, Pati Kab.",274.0,185.0,1.0,2.0
RUMAH KELAS PREMIUM KARTASURA AKSES JL SOLO - SEMARANG,Rp 347.000.000,"Karangasem, Surakarta Kota",302.0,219.0,1.0,2.0
Rumah Idaman Anda di Bosstania Land Solo: Temukan Kehangatan Keluarga,Rp 600.000.000,"Surakarta Kota, Jawa Tengah",306.0,203.0,1.0,2.0
"Rumah mewah 2 lantai daerah Banyumanik, Semarang",Rp 850.000.000,"Banyumanik, Semarang Kota",284.0,204.0,1.0,2.0
kavlingan tanah di gentan harga miring lokasi strategis,Rp 360.000.000,"Baki, Sukoharjo Kab.",297.0,216.0,1.0,2.0
Rumah Ready On Progres Dkt RSUD Ketileng Pedurunga Semarang,Rp 520.000.000,"Sambiroto, Semarang Kota",279.0,207.0,1.0,2.0
Tanah borobudur 202m2 siap bangun rumah mewah,Rp 550.000.000,"Semarang Barat, Semarang Kota",317.0,217.0,1.0,2.0
Villa syariah kemuning,Rp 6.000.000.000,"Ngargoyoso, Karanganyar Kab.",695.0,479.0,3.0,4.0
Dijual Rumah di Boyolali,Rp 1.500.000.000,"Boyolali, Boyolali Kab.",489.0,325.0,2.0,3.0
Rumah 100%  Baru Siap Tempati dekat jalan raya banyumanik semarang,Rp 355.000.000,"Banyumanik, Semarang Kota",314.0,182.0,1.0,2.0
Terima kos Putra dekat Kampus UNDIP Tembalang SEMARANG (hanya 1 km),Rp 750.000,"Tembalang, Semarang Kota",324.0,214.0,1.0,2.0
Rumah Baru SHM Murah Dekat Hotel Horison Nidya Majapahit Pedurungan,Rp 485.000.000,"Pedurungan, Semarang Kota",289.0,184.0,1.0,2.0
Rumah pribadi siap huni,Rp 200.000.000,"Toroh, Grobogan Kab.",322.0,209.0,1.0,2.0
RUMAH SIAP HUNI DI TAMAN FLAMBOYAN PEDURUNGAN SEMARANG,Rp 1.250.000.000,"Semarang Timur, Semarang Kota",512.0,371.0,2.0,3.0
Dijual Dan Disewakan Gedung Lokasi Jl. Jendral Sudirman Semarang,Rp 72.800.000.000,"Semarang Kab., Jawa Tengah",928.0,746.0,4.0,6.0
Rumah Murah di Gajahmungkur,Rp 1.500.000.000,"Gajah Mungkur, Semarang Kota",521.0,318.0,2.0,3.0
RUKO STRATEGIS DI JL MALANGSARI RAYA PEDURUNGAN SEMARANG,Rp 1.600.000.000,"Semarang Timur, Semarang Kota",454.0,375.0,2.0,3.0
RUMAH IMPIAN DI KOTA PATI 2 LANTAI MEWAH HARGA MURAH,Rp 599.500.000,"Solo Baru, Surakarta Kota",277.0,197.0,1.0,2.0
HARGA PERDANA! RUMAH LIMASAN JOGLO STRATEGIS DI KLATEN KOTA,Rp 475.000.000,"Klaten Selatan, Klaten Kab.",297.0,183.0,1.0,2.0
RUMAH IDAMAN ANDA ADA DI SINI LOKASI STRATEGIS DI TENGAH KOTA PATI,Rp 589.500.000,"Solo Baru, Surakarta Kota",325.0,201.0,1.0,2.0
Ruko 3 lantai disewakan di banyumanik,Rp 175.000.000,"Banyumanik, Semarang Kota",314.0,209.0,1.0,2.0
RUMAH ELITE DI TELAGA BODAS GAJAHMUNGKUR SEMARANG,Rp 3.500.000.000,"Semarang Selatan, Semarang Kota",467.0,340.0,2.0,3.0
"Dijual / disewakan murah Tanah pekarangan, Gudang baja & Rumah joglo",Rp 4.400.000.000,"Batealit, Jepara Kab.",474.0,352.0,2.0,3.0
Kavling SHM 5 menit ke uptownmall BSB Gratis biaya notaris,Rp 777.000,"Mijen, Semarang Kota",288.0,186.0,1.0,2.0
Kost eksklusif purie dhewayani,Rp 1.850.000,"Colomadu, Karanganyar Kab.",317.0,194.0,1.0,2.0
[Dijual Cepat] Turun Harga Apartemen Paltrow City Tembalang,Rp 350.000.000,"Tembalang, Semarang Kota",298.0,202.0,1.0,2.0
"Rumah Bagus Teluk Purwokerto Selatan Dekat Taman Kota, Terminal",Rp 395.000.000,"Purwokerto Selatan, Banyumas Kab.",291.0,191.0,1.0,2.0
MILIKI RUMAH MEWAH UNTUK KELUARGA DEKAT KOTA SOLO 7 MENIT KE UNS,Rp 469.500.000,"Pasar Kliwon, Surakarta Kota",301.0,196.0,1.0,2.0
"Rumah Cluster mewah 2 Lantai daerah Banyumanik, Semarang",Rp 850.000.000,"Banyumanik, Semarang Kota",292.0,192.0,1.0,2.0
Di jual rumah murah di Arya mukti,Rp 775.000.123,"Pedurungan, Semarang Kota",280.0,207.0,1.0,2.0
Rumah citragrand riverside,Rp 1.700.000.000,"Tembalang, Semarang Kota",459.0,319.0,2.0,3.0
"Baru Ready Hunian mewah, Harga terjangkau LT 100 mtr. 3 KT. Bs KPR",Rp 629.000.000,"Pajang, Surakarta Kota",307.0,200.0,1.0,2.0
RUMAH 2 LANTAI DENGAN VIEW GUNUNG LAWU ADA DI SEBELAH TIMUR KAMPUS UNS,Rp 599.500.000,"Pasar Kliwon, Surakarta Kota",300.0,209.0,1.0,2.0
"Rumah 2 Lantai Cluster lokasi Banyumanik, Semarang",Rp 850.000.000,"Banyumanik, Semarang Kota",305.0,208.0,1.0,2.0
Rumah Minimalis Cluster Forest Hill Ada Kanopi Mijen Semarang,Rp 1.200.000.000,"Mijen, Semarang Kota",543.0,329.0,2.0,3.0
Jual Cepat Rumah Purwokerto Murah Siap Huni Perumahan Dekat Stasiun,Rp 285.000.000,"Purwokerto Barat, Banyumas Kab.",279.0,185.0,1.0,2.0
RUMAH CLUSTER ONE GATE Sistem 2 LANTAI 3 KAMAR TIDUR TERMURAH DI SOLO,Rp 459.500.000,"Solo Baru, Surakarta Kota",302.0,201.0,1.0,2.0
"Rumah dijual, bonus kos",Rp 2.899.000.000,"Cilacap Tengah, Cilacap Kab.",523.0,348.0,2.0,3.0
Jual Cepat Rumah Kontrakan 4 Pintu di Semarang Jawa Tengah,Rp 990.000.000,"Semarang Barat, Semarang Kota",285.0,180.0,1.0,2.0
Dijual / Dikontrakan Rumah strategis dekat UNDIP Tembalang,Rp 995.000.000,"Tembalang, Semarang Kota",316.0,181.0,1.0,2.0
RUMAH MEWAH KOLAM RENANG PRIBADI TEMBALANG DEKAT UNDIP SEMARANG,Rp 7.000.000.000,"Tembalang, Semarang Kota",712.0,513.0,3.0,4.0
Rumah Mewah Purbalingga Posisi Hook Perumahan Elit Tengah Kota,Rp 2.499.000.000,"Kaligondang, Purbalingga Kab.",541.0,333.0,2.0,3.0
Rumah Subsidi Purwokerto Perumahan Murah Dekat Taman Kota,Rp 175.000.000,"Purwokerto Selatan, Banyumas Kab.",328.0,201.0,1.0,2.0
CLUSTER RUMAH MEWAH 2 LANTAI MURAH LOKASI DI TIMUR KAMPUS UNS,Rp 300.000.000,"Pasar Kliwon, Surakarta Kota",273.0,185.0,1.0,2.0
RUMAH DAN KAVLING SIAP BANGUN DI GROGOL DEKAT DENGAN THE PARK MALL,Rp 170.000.000,"Sukoharjo Kab., Jawa Tengah",326.0,182.0,1.0,2.0
Tanah Kavling Purwokerto Hook Perumahan Dekat Kampus Unsud & Gor,Rp 408.750.000,"Purwokerto Timur, Banyumas Kab.",282.0,185.0,1.0,2.0
Sebidang Sawah Aktif Dan Subur Dekat Jalan Utama Gebog Kudus,Rp 185.000.000,"Gebog, Kudus Kab.",279.0,190.0,1.0,2.0
Tanah Kavling Siap Bangun Dalam Perumahan Grand Residence Boyolali,Rp 1.990.000,"Mojosongo, Boyolali Kab.",272.0,194.0,1.0,2.0
"Rumah : Jl. Bukit Hijau, Bukit Sari, Semarang",Rp 2.500.000.000,"Semarang Kab., Jawa Tengah",484.0,331.0,2.0,3.0
Rumah Murah Solo Utara,Rp 185.000.000,"Karanganyar, Karanganyar Kab.",281.0,207.0,1.0,2.0
"Tanah Kavling Purwokerto Arcawinangun Perumahan Kampus, GOR, McD",Rp 396.000.000,"Purwokerto Timur, Banyumas Kab.",282.0,207.0,1.0,2.0
Dikontrakkan rumah cluster full renov daerah pedurungan,Rp 23.000.000,"Pedurungan, Semarang Kota",325.0,183.0,1.0,2.0
Tanah Zona Kuning Tepi Jalan Raya,Rp 2.500.000,"Kertek, Wonosobo Kab.",301.0,201.0,1.0,2.0
[Aset Bank BTN] Hotel Front One inn Semarang / Bintang 2 berlokasi di,Rp 20.000.000.000,"Semarang Kab., Jawa Tengah",1008.0,799.0,4.0,6.0
Dijual Cepat Rumah Mewah Semarang,Rp 3.500.000.000,"Pedurungan, Semarang Kota",472.0,357.0,2.0,3.0
dijualtestrumah5,Rp 789.645.412,"Mojotengah, Wonosobo Kab.",292.0,194.0,1.0,2.0
Kavling Murah Lokasi Strategis di Tengah Kota Kendal,Rp 700.000.000,"Kendal, Kendal Kab.",309.0,192.0,1.0,2.0
Rumah Purwokerto Tambaksogra Perumahan Syariah Dekat Kampus,Rp 765.000.000,"Sumbang, Banyumas Kab.",273.0,181.0,1.0,2.0
Jual tanah  di daerah DS. TAMBAKROMOI KEC. CEPU KAB. BLORA,Rp 46.000.000,"Cepu, Blora Kab.",289.0,209.0,1.0,2.0
"Kost Exclusive Sumampir Purwokerto Utara Dekat Kampus Unsoed, STMIK",Rp 1.445.000.000,"Purwokerto Utara, Banyumas Kab.",463.0,379.0,2.0,3.0
Rumah Mewah Purwokerto Dekat Jl. GERILYA dan Hotel Surya Yudha,Rp 2.000.000.000,"Purwokerto Selatan, Banyumas Kab.",524.0,373.0,2.0,3.0
Jual rumah mewah senarang barat akses lebar tidak banjir puspowarno,Rp 2.750.000.011,"Semarang Barat, Semarang Kota",528.0,382.0,2.0,3.0
"Rumah 2 Lantai Cluster, daerah premium Banyumanik, Semarang",Rp 850.000.000,"Banyumanik, Semarang Kota",277.0,186.0,1.0,2.0
Dijual Rumah Bebas Banjir Jl. Kuala Mas ii Tanah Mas Semarang,Rp 975.000.000,"Semarang Kab., Jawa Tengah",320.0,183.0,1.0,2.0
Jual tanah pertanian di daerah DS. KEDUNGLEPER KEC. BANGSRI,Rp 65.000.000,"Bangsri, Jepara Kab.",291.0,184.0,1.0,2.0
"JUAL KOS TERBARU DI TEMBALANG 1,1MILYAR DAPAT LUAS TANAH 100M² 10KT",Rp 1.100.000.000,"Tembalang, Semarang Kota",543.0,374.0,2.0,3.0
rumah cluster elit lokasi bebas banjir,Rp 875.000.000,"Laweyan, Surakarta Kota",301.0,199.0,1.0,2.0
Tanah tengah kota murah GAJAH MUNGKUR,Rp 4.550.000,"Gajah Mungkur, Semarang Kota",283.0,191.0,1.0,2.0
PROMO PRE - LAUNCHING THE ARETHA ASMARALAYA tembalang undip,Rp 385.000.000,"Tembalang, Semarang Kota",287.0,216.0,1.0,2.0
jual rumah limasan gebyo keliling,Rp 30.000.000,"Paranggupito, Wonogiri Kab.",297.0,185.0,1.0,2.0
"Ruko dengan usaha guest house oleh reddoorz di baturan, colomadu",Rp 3.500.000.000,"Colomadu, Karanganyar Kab.",520.0,329.0,2.0,3.0
jual rumah mewah pedurungan hook bebas banjir akses lebar kedungmundu,Rp 2.350.000.011,"Pedurungan, Semarang Kota",496.0,364.0,2.0,3.0
Jaminan Hidup Berkualitas di Perumahan Bosstania Sani Pati,Rp 600.000.000,"Pati Kab., Jawa Tengah",329.0,217.0,1.0,2.0
Cluster Auntumvill Perumahan Strategis Dekat Bandara Nyia Kulonprogo,Rp 235.000.000,"Bagelen, Purworejo Kab.",293.0,215.0,1.0,2.0
Rumah Mewah 2 lantai Mangunharjo view kota Semarang,Rp 695.000.000,"Tembalang, Semarang Kota",273.0,182.0,1.0,2.0
Rumah second siap huni,Rp 800.000.000,"Kudus Kota, Kudus Kab.",292.0,193.0,1.0,2.0
Rumah siap huni green semesta dekat BSB,Rp 875.000.000,"Ngaliyan, Semarang Kota",322.0,197.0,1.0,2.0
"Rumah Mewah 2 Lantai tengah kota Banyumanik, Semarang",Rp 850.000.000,"Banyumanik, Semarang Kota",295.0,184.0,1.0,2.0
Dijual tanah siap bangun di manyaran semarang barat cluster elite,Rp 2.000.000.011,"Semarang Barat, Semarang Kota",538.0,356.0,2.0,3.0
Dijual rumah di tamansetia budi srondol banyumanik jatingaleh ready,Rp 2.250.000.011,"Banyumanik, Semarang Kota",528.0,359.0,2.0,3.0
Perumahan 2 Lantai Murah Barat Gentan Dekat Jln Mangesti Raya,Rp 780.000.000,"Baki, Sukoharjo Kab.",322.0,194.0,1.0,2.0
rumah modern dua lantai di pudak payung,Rp 785.000.000,"Banyumanik, Semarang Kota",298.0,197.0,1.0,2.0
Promo Diskon 200 Juta Ruko 3 Lantai Strategis di Kawasan Eksklusif,Rp 2.387.500.000,"Semarang Barat, Semarang Kota",509.0,316.0,2.0,3.0
Jual Cepat tanah Pusat Kota Klaten - Jarang ada!!! (Nego sampai Jadi),Rp 325.000.000,"Klaten Utara, Klaten Kab.",302.0,210.0,1.0,2.0
"DIJUAL CEPAT RUMAH Di KEDATON PARK BSB CITY DEKAT UNIKA, MALL",Rp 1.450.000.000,"Mijen, Semarang Kota",480.0,384.0,2.0,3.0
Rumah 2 Lantai Murah Gumpang Kartasura Dekat UMS Solo Hadap Timur,Rp 533.900.000,"Kartasura, Sukoharjo Kab.",310.0,187.0,1.0,2.0
Jual Rumah dan tanah kosong di daerah ds. NGABENREJO KEC. GROBOGAB,Rp 130.000.000,"Grobogan, Grobogan Kab.",280.0,209.0,1.0,2.0
Dijual rumah siap huni di turangga mukti semarang timur pedurungan,Rp 1.800.000.011,"Semarang Timur, Semarang Kota",492.0,379.0,2.0,3.0
Rumah dijual tipe 48 di selatan/dekat kawasan kota solo baru,Rp 433.500.000,"Sukoharjo Kab., Jawa Tengah",328.0,213.0,1.0,2.0
Dijual rumah siap huni pedurungan woltermongonsidi BPD III semtim,Rp 770.000.011,"Semarang Timur, Semarang Kota",270.0,204.0,1.0,2.0
Perumahan Murah Di Pilang Sari Sragen Unit Eksklusif,Rp 375.000.000,"Sragen, Sragen Kab.",290.0,184.0,1.0,2.0
Disewa Ruko Siap Pakai di Jl Untung Suropati Semarang,Rp 85.000.000,"Semarang Kab., Jawa Tengah",293.0,194.0,1.0,2.0
RUMAH SUBSIDI TERMURAH DI DEKAT SALATIGA,Rp 166.000.000,"Salatiga Kota, Jawa Tengah",322.0,219.0,1.0,2.0
DIJUAL RUMAH MILIK SENDIRI SECEPATNYA,Rp 350.000.000,"Banyudono, Boyolali Kab.",321.0,180.0,1.0,2.0
Dijua Tanah Strategis Tengah Kota Sragen di Jl. Sukowati,Rp 12.500.000.000,"Sragen, Sragen Kab.",932.0,879.0,4.0,6.0
Dijual Tanah dengan Lokasi Strategis,Rp 17.000.000.000,"Banjarsari, Surakarta Kota",1090.0,751.0,4.0,6.0
Jual tanah kavling murah sertifikat dan pbb  ready di baki  solo baru,Rp 165.000.000,"Baki, Sukoharjo Kab.",322.0,192.0,1.0,2.0
Cari Rumah 2 Lantai di Colomadu,Rp 590.000.000,"Colomadu, Karanganyar Kab.",325.0,212.0,1.0,2.0
"Rumah bagus non perum dekat alun alun, Gor Purbalingga",Rp 850.000.000,"Purbalingga, Purbalingga Kab.",315.0,215.0,1.0,2.0
Jual Tanah Pekarangan Kebun BU Rugi,Rp 66.000.000,"Wonogiri, Wonogiri Kab.",273.0,198.0,1.0,2.0
Cluster modern dekat pusat kota,Rp 685.000.000,"Semarang Kab., Jawa Tengah",308.0,205.0,1.0,2.0
Tanah Luas untuk gudang pabrik di tasikmadu karanganyar jawa tengah,Rp 4.914.400.000,"Tasikmadu, Karanganyar Kab.",517.0,333.0,2.0,3.0
Tanah hanya 5 unit kalisegoro UNNES gunungpati,Rp 240.000.000,"Gunungpati, Semarang Kota",316.0,193.0,1.0,2.0
Ruko Tengah kota jl karangsaru semarang tengah,Rp 80.000.000,"Semarang Tengah, Semarang Kota",292.0,181.0,1.0,2.0
FULL FURNISHED RUMAH MEWAH TAMAN SETIABUDI BANYUMANIK,Rp 4.500.000.000,"Banyumanik, Semarang Kota",498.0,366.0,2.0,3.0
Rumah Murah custom siap huni Gentan Baki Sukoharjo,Rp 1.300.000.000,"Kadipiro, Surakarta Kota",507.0,362.0,2.0,3.0
Rumah Baru di Utara Alun2 Karanganyar Kota,Rp 445.000.000,"Karanganyar, Karanganyar Kab.",323.0,185.0,1.0,2.0
Rumah Mewah Colomadu,Rp 590.000.000,"Surakarta Kota, Jawa Tengah",284.0,180.0,1.0,2.0
Perumahan Subsidi Murah Cicilan Mulai dari 1 Jutaan,Rp 185.000.000,"Madukara, Banjarnegara Kab.",311.0,201.0,1.0,2.0
(HOOK + Furnished) Rumah Potala Paramount Village Semarang Barat,Rp 1.350.000.000,"Semarang Barat, Semarang Kota",520.0,362.0,2.0,3.0
Rumah Mewah Dekat AKPOL di Graha Candi Golf Jangli Tembalang,Rp 4.800.000.000,"Gajah Mungkur, Semarang Kota",457.0,327.0,2.0,3.0
Rumah Mewah Villa Aster Srondol Banyumanik,Rp 4.650.000.000,"Banyumanik, Semarang Kota",488.0,356.0,2.0,3.0
rumah siap huni di gentan timur luwes bisa kpr di bantu sampai acc,Rp 630.000.000,"Baki, Sukoharjo Kab.",322.0,212.0,1.0,2.0
"DiJual Cepat Tanah Kavling Perumahan Atlantis Di Kartasura, Nego BU",Rp 640.000.000,"Kartasura, Sukoharjo Kab.",277.0,190.0,1.0,2.0
Rumah 3KT + 1 - Lingkungan Nyaman,Rp 1.250.000.000,"Pajang, Surakarta Kota",450.0,317.0,2.0,3.0
DIJUAL Apartemen Puncak Kertajaya Studio Furnish NEW 100%,Rp 235.000.000,"Sukolilo, Pati Kab.",308.0,207.0,1.0,2.0
Tanah siap bangun candi kalasan manyaran,Rp 1.182.500.000,"Ngaliyan, Semarang Kota",494.0,360.0,2.0,3.0
Dijual rumah bagus di tembalang siap huni dekat undip,Rp 750.000.000,"Tembalang, Semarang Kota",323.0,197.0,1.0,2.0
Rumah Wologito Muradi Semarang Barat,Rp 1.600.000.000,"Semarang Barat, Semarang Kota",503.0,325.0,2.0,3.0
Dijual rumah mewah karangrejo jatingaleh dekat undip akpol jangli,Rp 4.600.000.001,"Jangli, Semarang Kota",476.0,324.0,2.0,3.0
Rumah Pandanaran Hills Sambiroto Tembalang,Rp 800.000.000,"Tembalang, Semarang Kota",281.0,181.0,1.0,2.0
Rumah Mewah di Gajahmungkur Semarang,Rp 6.000.000.000,"Gajah Mungkur, Semarang Kota",751.0,545.0,3.0,4.0
Rumah Boulevard BSB Village Mijen Semarang,Rp 1.250.000.000,"Mijen, Semarang Kota",466.0,343.0,2.0,3.0
Jual Tanah industri di palur mojolaban jawa tengah,Rp 7.543.200.000,"Mojolaban, Sukoharjo Kab.",740.0,510.0,3.0,4.0
Dijual Rumah Candi Prambanan Timur,Rp 1.700.000.000,"Manyaran, Semarang Kota",474.0,362.0,2.0,3.0
Rumah Dua Lantai dekat Pusat Kota,Rp 450.000.000,"Boja, Kendal Kab.",299.0,218.0,1.0,2.0
2 UNIT TANAH KAVLING MURAH DEKAT TOL PRAMBANAN,Rp 140.000.000,"Manisrenggo, Klaten Kab.",327.0,212.0,1.0,2.0
Dijual cepat tanah siap bangun di colomadu,Rp 3.400.000,"Colomadu, Karanganyar Kab.",324.0,181.0,1.0,2.0
Jual Pekarangan di Gedong Karangnyar,Rp 650.000.000,"Karanganyar, Karanganyar Kab.",329.0,207.0,1.0,2.0
Promo 5 Juta Sampai Serah Terima Kunci Rumah Cantik Banyumanik,Rp 350.000.000,"Banyumanik, Semarang Kota",324.0,212.0,1.0,2.0
Gudang terbuka cocok untuk segala usaha,Rp 4.300.000.000,"Purbalingga, Purbalingga Kab.",507.0,344.0,2.0,3.0
RUMAH BARU PANDAWA RESIDENCE MIJEN DEKAT BSB CITY,Rp 550.000.000,"Mijen, Semarang Kota",284.0,190.0,1.0,2.0
Perumahan Subsidi KOTA KITA 3 Ungaran,Rp 166.000.000,"Ungaran Timur, Semarang Kab.",304.0,197.0,1.0,2.0
Rumah second siap pakai dekat dengan fasilitas Umum,Rp 325.000.000,"Gatak, Sukoharjo Kab.",298.0,215.0,1.0,2.0
Tanah Hook Murah Jangli Sanggung.,Rp 340.000.000,"Semarang Tengah, Semarang Kota",271.0,215.0,1.0,2.0
Rumah Siap Huni Selangkah dari Jalan Raya Ungaran,Rp 600.000.000,"Ungaran Barat, Semarang Kab.",298.0,192.0,1.0,2.0
Rumah 2 Lantai dekat UMS di Colamadu 700 jutaan,Rp 725.000.000,"Serengan, Surakarta Kota",327.0,204.0,1.0,2.0
"PROMO  RUMAH MINIMALIS, 10 Menit ke RS Banyumanik Semarang",Rp 250.000.000,"Banyumanik, Semarang Kota",290.0,211.0,1.0,2.0
Tanah pekarangan kecil belakang pasar TAWANGMANGU pas,Rp 190.000.000,"Tawangmangu, Karanganyar Kab.",300.0,187.0,1.0,2.0
Di jual tanah beserta bangunan,Rp 5.300.000.000,"Karangrayung, Grobogan Kab.",698.0,527.0,3.0,4.0
DIJUAL RUMAH DI SEMARANG TIMUR K8501,Rp 7.000.000.000,"Semarang Timur, Semarang Kota",682.0,478.0,3.0,4.0
"Rumah Asri Polokarto Sukoharjo type 36 an , minimalis rumahnya",Rp 185.000.000,"Polokarto, Sukoharjo Kab.",272.0,208.0,1.0,2.0
Tanah bangunan SHM siap pakai,Rp 2.000.000,"Kutoarjo, Purworejo Kab.",286.0,191.0,1.0,2.0
Ruko Murah di Ngaliyan Square Semarang,Rp 85.000.000,"Ngaliyan, Semarang Kota",322.0,187.0,1.0,2.0
"Kavling 7,5x14(106)SHM jual cepat",Rp 58.900.000,"Randudongkal, Pemalang Kab.",296.0,186.0,1.0,2.0
JUAL RUMAH 2 LANTAI SERTIFIKAT READY SHM GUMPANG KARTASURA SUKOHARJO,Rp 533.000.000,"Kartasura, Sukoharjo Kab.",314.0,205.0,1.0,2.0
"Rumah Asri Polokarto Sukoharjo type 36 an , minimalis rumahnya",Rp 185.000.000,"Mojolaban, Sukoharjo Kab.",309.0,194.0,1.0,2.0
Rumah Cantik Desain Mewah di Pusat Kota Ungaran,Rp 320.000.000,"Ungaran Barat, Semarang Kab.",298.0,181.0,1.0,2.0
DIJUAL RUKO DI SEMARANG TENGAH K8502,Rp 5.500.000.000,"Semarang Tengah, Semarang Kota",762.0,508.0,3.0,4.0
GRANDIA RESIDENCE KETILENG,Rp 750.000.000,"Tembalang, Semarang Kota",296.0,190.0,1.0,2.0
Best Home Griya Janatin II,Rp 400.000.000,"Ungaran Barat, Semarang Kab.",303.0,185.0,1.0,2.0
Perumahan murah belakang Mall Luwes Gentan Solo. Bs KPR DP 0%,Rp 520.000.000,"Pajang, Surakarta Kota",315.0,198.0,1.0,2.0
Dijual Kos Solo Baru,Rp 450.000.000,"Grogol, Sukoharjo Kab.",310.0,196.0,1.0,2.0
Tanah Bagus Ala-ala Bali Hadap Jalan DPU Dengan View Juara,Rp 400.000,"Mojosongo, Boyolali Kab.",304.0,206.0,1.0,2.0
RUMAH SIAP HUNI MURAH MEWAH DI MOJOLABAN TIMUR SEMANGGI SOLO,Rp 360.000.000,"Mojolaban, Sukoharjo Kab.",307.0,197.0,1.0,2.0
DIJUAL RUMAH DI SEMARANG TIMUR K8503,Rp 450.000.000,"Semarang Timur, Semarang Kota",318.0,209.0,1.0,2.0
Perumahan Pendopo Residence 500 Meter dari Exit Tol Ungaran,Rp 290.000.000,"Ungaran Barat, Semarang Kab.",306.0,195.0,1.0,2.0
Diskon Khusus  Co-working Space untuk Pelajar Cuma 25rb + Buy 1 Get 1,Rp 25.000,"Semarang Timur, Semarang Kota",320.0,202.0,1.0,2.0
Di sewakan di kontrak an di kost kan rumah petak kota tegal,Rp 1.250.000,"Tegal Timur, Tegal Kota",318.0,194.0,1.0,2.0
[DIJUAL] Tanah Luas dan Strategis di Secang,Rp 1.500.000,"Secang, Magelang Kab.",270.0,211.0,1.0,2.0
PROMO PRE - LAUNCHING THE ARETHA ASMARALAYA ( kost cluster dkt undip ),Rp 825.000.000,"Tembalang, Semarang Kota",304.0,214.0,1.0,2.0
JUAL RUMAH DEKAT UNSOED PURWOKERTO,Rp 1.250.000.000,"Purwokerto Utara, Banyumas Kab.",508.0,322.0,2.0,3.0
Ruko strategis di pinggir jalan raya palur,Rp 85.000.000,"Jaten, Karanganyar Kab.",296.0,207.0,1.0,2.0
DIJUAL KOST UTARA UNSOED,Rp 2.200.000.000,"Purwokerto Utara, Banyumas Kab.",473.0,355.0,2.0,3.0
Regus - Singosari Residence Semarang (Coworking),Rp 1.590.000,"Semarang Selatan, Semarang Kota",284.0,183.0,1.0,2.0
perumahan nyaman di dekat kantor bupati sukoharjo,Rp 375.000.000,"Sukoharjo Kab., Jawa Tengah",281.0,212.0,1.0,2.0
DIJUAL RUMAH DI JEPARA K8504,Rp 64.794.000.000,"Bangsri, Jepara Kab.",1012.0,822.0,4.0,6.0
RUMAH KOMERSIL BARU DI PRINGAPUS KARANGJATI,Rp 270.000.000,"Pringapus, Semarang Kab.",295.0,208.0,1.0,2.0
Tanah datar Jagan Mulur Asri Sukoharjo 325 meter,Rp 150.260.000,"Sukoharjo Kab., Jawa Tengah",294.0,192.0,1.0,2.0
Regus - Singosari Residence Semarang (Kantor Pribadi 1 orang),Rp 2.446.000,"Semarang Selatan, Semarang Kota",299.0,205.0,1.0,2.0
Tanah datar Jagan Mulur Asri Sukoharjo 325 meter,Rp 150.260.000,"Kartasura, Sukoharjo Kab.",308.0,191.0,1.0,2.0
Regus - Singosari Residence Semarang (Kantor Pribadi 2 orang),Rp 5.090.000,"Semarang Selatan, Semarang Kota",329.0,181.0,1.0,2.0
JUAL GUDANG DI JAWA TENGAH KUDUS STRATEGIS JALAN UTAMA TANPA PERANTARA,Rp 6.500.000.000,"Kudus Kota, Kudus Kab.",742.0,488.0,3.0,4.0
Dijual Rumah Daerah Banjarmangu 2 Lantai,Rp 850.000.000,"Banjarmangu, Banjarnegara Kab.",293.0,199.0,1.0,2.0
Promo Terbatas Rumah 2 Lantai Harga 1 Lantai Ungaran Model Scandinavia,Rp 399.999.999,"Ungaran Timur, Semarang Kab.",323.0,189.0,1.0,2.0
RUMAH READY STOCK TIMUR GOR MERDEKA JOMBOR SUKOHARJO KOTA DEKAT ALUN,Rp 382.000.000,"Sukoharjo Kab., Jawa Tengah",288.0,196.0,1.0,2.0
dijual tanah kavling siap bangun luas mulai 87m,Rp 330.000.000,"Baki, Sukoharjo Kab.",300.0,213.0,1.0,2.0
DIJUAL CEPATTTT,Rp 1.200.000.000,"Ngaliyan, Semarang Kota",516.0,374.0,2.0,3.0
Regus - Singosari Residence Semarang (Kantor Pribadi 3 orang),Rp 7.074.000,"Semarang Selatan, Semarang Kota",272.0,195.0,1.0,2.0
DIJUAL RUMAH DI BUKIT SARI K8505,Rp 10.000.000.000,"Banyumanik, Semarang Kota",638.0,541.0,3.0,4.0
"Rumah non perum Bojongsari dekat kampus UMP, RS JIH Purwokerto",Rp 299.000.000,"Kembaran, Banyumas Kab.",299.0,214.0,1.0,2.0
Regus - Singosari Residence Semarang (Kantor Pribadi 4 orang),Rp 10.190.000,"Semarang Selatan, Semarang Kota",319.0,213.0,1.0,2.0
"Dijual Rumah Bagus Siap Pakai di Perumahan Graha Padma, Semarang",Rp 2.600.000.000,"Semarang Barat, Semarang Kota",503.0,378.0,2.0,3.0
Regus - Singosari Residence Semarang (Kantor Pribadi 5 orang),Rp 11.701.000,"Semarang Selatan, Semarang Kota",274.0,181.0,1.0,2.0
RUMAH SUBSIDI 7 JUTAAN FREE INTERNET DI RIVERA HILLS,Rp 166.000.000,"Sambi, Boyolali Kab.",300.0,180.0,1.0,2.0
Regus - Singosari Residence Semarang (Op1),Rp 45.596.000,"Semarang Selatan, Semarang Kota",277.0,193.0,1.0,2.0
Tanah rata pondasi,Rp 2.750.000.000,"Tengaran, Semarang Kab.",486.0,324.0,2.0,3.0
DIJUAL TANAH SAWAH DENGAN LUAS 499 METER PERSEGI,Rp 548.900.000,"Grogol, Sukoharjo Kab.",294.0,218.0,1.0,2.0
Rumah ready murah full renov seperti baru,Rp 385.000.000,"Tembalang, Semarang Kota",299.0,208.0,1.0,2.0
"DIKONTRAKKAN RUMAH CANTIK, CLUSTER ONE GATE SYSTEM",Rp 25.000.000,"Kudus Kota, Kudus Kab.",307.0,199.0,1.0,2.0
KARANGPANDAN VILLAGE 2,Rp 120.000.000,"Karangpandan, Karanganyar Kab.",289.0,197.0,1.0,2.0
Regus - Singosari Residence Semarang (Op2),Rp 57.297.000,"Semarang Selatan, Semarang Kota",280.0,214.0,1.0,2.0
Rumah Kost Sumurboto Banyumanik Dekat Undip Tembalang,Rp 2.000.000.000,"Tembalang, Semarang Kota",513.0,334.0,2.0,3.0
Tanah Banyumanik Dekat Undip Tembalang,Rp 850.000.000,"Tembalang, Semarang Kota",316.0,203.0,1.0,2.0
Rumah Banyumanik Trunojoyo Dekat Undip Tembalang,Rp 15.000.000.000,"Tembalang, Semarang Kota",978.0,729.0,4.0,6.0
Tanah Tembalang Gondang Dekat Undip,Rp 1.160.000.000,"Tembalang, Semarang Kota",515.0,378.0,2.0,3.0
Tanah Tembalang Dekat Undip,Rp 1.500.000.000,"Tembalang, Semarang Kota",524.0,327.0,2.0,3.0
Regus - Singosari Residence Semarang (Virtual Office),Rp 858.000,"Semarang Selatan, Semarang Kota",326.0,195.0,1.0,2.0
Dijual Tanah deket waduk cengklik -+105m,Rp 170.000.000,"Colomadu, Karanganyar Kab.",299.0,184.0,1.0,2.0
Dijual Kost UNS 9KT,Rp 1.200.000.000,"Jebres, Surakarta Kota",451.0,365.0,2.0,3.0
"Dijual Rumah Siap Pakai Di Perumahan Graha Estetika, Semarang",Rp 2.500.000.000,"Banyumanik, Semarang Kota",507.0,367.0,2.0,3.0
"Rumah Bagus tingkat 1.5 lantai siap pakai di Jl. Semeru, Semarang",Rp 3.200.000.000,"Gajah Mungkur, Semarang Kota",514.0,346.0,2.0,3.0
JUAL RUMAH MURAH DI KUDU SELATAN RUMAH SAKIT DOKTER OEN SOLOBARU,Rp 327.000.000,"Solo Baru, Surakarta Kota",329.0,181.0,1.0,2.0
Cluster di Pudakpayung Hanya 150 Meter dari Jalan Raya Semarang-Solo,Rp 690.000.000,"Banyumanik, Semarang Kota",320.0,190.0,1.0,2.0
Dijual/Disewakan : Rumah Strategis Nyaman 2 Lantai Magelang,Rp 55.000.000,"Mertoyudan, Magelang Kab.",298.0,217.0,1.0,2.0
"DISEWAKAN RUMAH DI PERUM GRAND ARMINA H-14, BANYUMANIK SEMARANG",Rp 26.000.000,"Banyumanik, Semarang Kota",280.0,190.0,1.0,2.0
dijual tanah kavling ready bangun sisa 4 kavling harga spesial,Rp 360.000.000,"Kartasura, Sukoharjo Kab.",315.0,202.0,1.0,2.0
Dijual Murah Rumah Siap Pakai Dekat Perumahan Tamansari Majapahit,Rp 1.600.000.000,"Semarang Kab., Jawa Tengah",521.0,331.0,2.0,3.0
dijual tanah kavling siap bangun mulai dari 320 juta an,Rp 320.000.000,"Gatak, Sukoharjo Kab.",327.0,182.0,1.0,2.0
dijual rumah pesan bangun modern minimalis lokasi strategis,Rp 320.000.000,"Gatak, Sukoharjo Kab.",289.0,181.0,1.0,2.0
Gudang Baru Akses Kontainer di Semarang Timur,Rp 275.000.000,"Gayamsari, Semarang Kota",318.0,192.0,1.0,2.0
Rumah Tinur Solo,Rp 295.000.000,"Karanganyar, Karanganyar Kab.",273.0,205.0,1.0,2.0
Disewakan Gudang Baru di Semarang Timur,Rp 300.000.000,"Gayamsari, Semarang Kota",276.0,195.0,1.0,2.0
Disewakan Rumah Bagus Full Furnished di Perum Graha Padma,Rp 150.000.000,"Semarang Barat, Semarang Kota",306.0,197.0,1.0,2.0
"Di Jual Ruma Di Pruwokerto , Sangat Nyaman dan Asri",Rp 8.000.000.000,"Purwokerto Selatan, Banyumas Kab.",740.0,460.0,3.0,4.0
Dijual Bangunan 3 lantai (Ruko 4 plong dan kost),Rp 900.000.000,"Kartasura, Sukoharjo Kab.",287.0,203.0,1.0,2.0
RUMAH INDUK + KOST KARONSIH NGALIYAN DEKAT KAMPUS UIN,Rp 2.700.000.000,"Ngaliyan, Semarang Kota",498.0,344.0,2.0,3.0
Rumah Pinggir Jalan Provinsi Dekat Tugu Perbatasan Jawa Tengah,Rp 3.200.000.000,"Cepu, Blora Kab.",479.0,325.0,2.0,3.0
DI JUAL RUMAH & KOS KOS AN AKTIF TANPA PERANTARA,Rp 666.000.000,"Jepon, Blora Kab.",278.0,208.0,1.0,2.0
Turun Harga Rumah Murah Siap Huni Cluster Inti Permata Singopuran,Rp 550.000.000,"Kartasura, Sukoharjo Kab.",327.0,194.0,1.0,2.0
Hanya 2 unit    Dapatkan harga promo termurah cluster dekat undip,Rp 585.000.000,"Tembalang, Semarang Kota",311.0,197.0,1.0,2.0
"Jual Rumah di daerah Desa Kandangsapi, Kec.Jenar, Kab. Sragen",Rp 245.000.000,"Jenar, Sragen Kab.",277.0,200.0,1.0,2.0
Rumah Satu Lantai Pinggir Kota,Rp 450.000.000,"Boja, Kendal Kab.",276.0,199.0,1.0,2.0
Rumah Baru SHM Murah Siap Huni Dekat RSUD Ketileng,Rp 520.000.000,"Sambiroto, Semarang Kota",322.0,187.0,1.0,2.0
"Dekat Candi Mendut Borobudur Magelang, Tanah SHM Tepi Aspal",Rp 257.600.000,"Magelang Selatan, Magelang Kota",280.0,203.0,1.0,2.0
"Dijual Cepat Rumah bangunan lama , posisi Hook Tengah Kota , Semarang",Rp 17.000.000.000,"Semarang Tengah, Semarang Kota",1020.0,862.0,4.0,6.0
CalystaIndahMangesti95,Rp 800.000.000,"Gatak, Sukoharjo Kab.",320.0,212.0,1.0,2.0
Rumah ready Calysta Indah Mangesti,Rp 670.000.000,"Gatak, Sukoharjo Kab.",312.0,200.0,1.0,2.0
Tanah Termurah Jatingaleh Dekat GOR Jatidiri,Rp 3.700.000,"Gajah Mungkur, Semarang Kota",292.0,213.0,1.0,2.0
"Promo bulan Juni, kavling siap bangun",Rp 300.000.000,"Gatak, Sukoharjo Kab.",318.0,216.0,1.0,2.0
"Rumah Furnished di Kedaton, BSB City Semarang",Rp 50.000.000,"Ngaliyan, Semarang Kota",274.0,204.0,1.0,2.0
Disewakan Ruko pajang,Rp 35.000.000,"Pajang, Surakarta Kota",319.0,207.0,1.0,2.0
KAVLING STRATEGIS DEKAT RUMAH SAKIT DAN UNWAHAS GUNUNG PATI,Rp 374.999.999,"Gunungpati, Semarang Kota",324.0,195.0,1.0,2.0
"Rumah mewah  perum dekat kampus UMP, UHB Purwokerto",Rp 1.900.000.000,"Kembaran, Banyumas Kab.",454.0,338.0,2.0,3.0
RUMAH EKSEKUTIF MEWAH 2 LANTAI DEKAT SOLOBARU GENTAN DAN KOTA SOLO,Rp 830.000.000,"Sukoharjo Kab., Jawa Tengah",278.0,213.0,1.0,2.0
Dijual Rumah & Kostan Purwokerto Murah,Rp 3.200.000.000,"Purwokerto Utara, Banyumas Kab.",452.0,377.0,2.0,3.0
Hotel Semarang 581,Rp 2.300.000,"Gajah Mungkur, Semarang Kota",284.0,197.0,1.0,2.0
Dijual Rumah Bagus Tingkat 2 Lantai Siap Pakai di Daerah Brumbungan,Rp 2.500.000.000,"Semarang Tengah, Semarang Kota",523.0,357.0,2.0,3.0
Rumah Baru Murah Gentan Waru Solo,Rp 335.000.000,"Pajang, Surakarta Kota",311.0,194.0,1.0,2.0
Hotel Semarang 580,Rp 2.600.000,"Gajah Mungkur, Semarang Kota",317.0,199.0,1.0,2.0
RUMAH MURAH DI PERUMAHAN PERMATA PURI,Rp 15.000.000,"Ngaliyan, Semarang Kota",288.0,211.0,1.0,2.0
Tanah Dijual Solo Kota Surakarta Jajar Laweyan Fajar indah Manahan Adi,Rp 2.400.000.000,"Laweyan, Surakarta Kota",503.0,372.0,2.0,3.0
DIJUAL RUKO DI NGALIYAN K8507,Rp 4.500.000.000,"Ngaliyan, Semarang Kota",477.0,328.0,2.0,3.0
rumah cluster 5 menit iain Walisongo dan RS Permata Medika ngaliyan,Rp 656.000.000,"Semarang Barat, Semarang Kota",276.0,216.0,1.0,2.0
Dijual Rumah Tingkat 2 Lantai Siap Pakai Di Perumahan Villa Aster,Rp 990.000.000,"Banyumanik, Semarang Kota",311.0,188.0,1.0,2.0
Rumah Murah dekat UMS hanya 300 jutaan di Colomadu,Rp 360.000.000,"Kartasura, Sukoharjo Kab.",320.0,196.0,1.0,2.0
DIJUAL RUMAH DI SEMARANG SELATAN K8508,Rp 5.000.000.000,"Semarang Selatan, Semarang Kota",497.0,343.0,2.0,3.0
KAMU SEDANG CARI RUMAH SIAP HUNI MEPET GENTAN DI MAYANG,Rp 370.000.000,"Sukoharjo Kab., Jawa Tengah",326.0,184.0,1.0,2.0
Tanah Grendeng Jalan Kampus Universitas Soedirman Purwokerto,Rp 3.750.000.000,"Purwokerto Utara, Banyumas Kab.",544.0,340.0,2.0,3.0
"DI JUAL RUKO sangat luas . cocok untuk showroom, Resto, Minimarket",Rp 2.750.000.000,"Semarang Utara, Semarang Kota",493.0,366.0,2.0,3.0
Dijual Tanah di Gajahan -Colomadu Dekat UMS Surakarta Luas tanah 102m2,Rp 350.000.000,"Laweyan, Surakarta Kota",287.0,219.0,1.0,2.0
Tanah lokasi wisata gondosuli tawangmangu,Rp 7.924.000.000,"Tawangmangu, Karanganyar Kab.",637.0,471.0,3.0,4.0
"Rumah 250/486 jln 5m² , rejosari Polokarto sukoharjo",Rp 260.000.000,"Polokarto, Sukoharjo Kab.",275.0,181.0,1.0,2.0
"Jual Rumah di daerahDesa Kaliwedi, Kec.Gondang, Kab.Sragen",Rp 290.000.000,"Gondang, Sragen Kab.",273.0,188.0,1.0,2.0
DIJUAL RUMAH DI SEMARANG BARAT K8509,Rp 1.200.000.000,"Semarang Barat, Semarang Kota",520.0,355.0,2.0,3.0
Gudang siap pakai palur karanganyar dekat exit tol,Rp 850.000.000,"Jaten, Karanganyar Kab.",323.0,182.0,1.0,2.0
DIJUAL RUMAH DI TEMBALANG K8510,Rp 1.100.000.000,"Tembalang, Semarang Kota",478.0,317.0,2.0,3.0
Gudang dijual 8800 meter di palur karanganyar dekat exit tol,Rp 35.240.000.000,"Jaten, Karanganyar Kab.",972.0,847.0,4.0,6.0
Hunian Baru dengan Desain Modern di Kawasan Kota Pati,Rp 700.000.000,"Pati Kab., Jawa Tengah",327.0,203.0,1.0,2.0
DIJUAL GUDANG DI SEMARANG TIMUR K8511,Rp 2.500.000.000,"Semarang Kab., Jawa Tengah",540.0,329.0,2.0,3.0
Gudang dijual di semanggi pasar kliwon solo,Rp 3.000.000.000,"Pasar Kliwon, Surakarta Kota",539.0,316.0,2.0,3.0
Rumah siap huni Timur  Stadion  Manahan Solo,Rp 3.800.000.000,"Kadipiro, Surakarta Kota",497.0,377.0,2.0,3.0
"Dijual murah Tanah,tanpa perantara",Rp 123.456.789,"Sayung, Demak Kab.",299.0,188.0,1.0,2.0
Di jual  rumah 2 lantai,Rp 800.000.000,"Tembalang, Semarang Kota",283.0,191.0,1.0,2.0
Dijual Cepat Tanah,Rp 530.000.000,"Pecangaan, Jepara Kab.",320.0,214.0,1.0,2.0
RUMAH SIAP HUNI 2KT DEKAT MERR SURABAYA,Rp 590.000.000,"Sukolilo, Pati Kab.",298.0,191.0,1.0,2.0
DIJUAL TANAH DAN BANGUNAN DI SOLO K8512,Rp 124.890.000.000,"Serengan, Surakarta Kota",1015.0,873.0,4.0,6.0
Tanah disewakan jalan Adisunarmo solo dekat exit tol klodran,Rp 150.000.000,"Banjarsari, Surakarta Kota",321.0,188.0,1.0,2.0
Investasi Cerdas di Perumahan Bosstania Land Solo,Rp 500.000.000,"Sukoharjo Kab., Jawa Tengah",318.0,184.0,1.0,2.0
Di Kontrakkan Kantor Semarang 881,Rp 40.000.000,"Gajah Mungkur, Semarang Kota",320.0,216.0,1.0,2.0
"Pekarangan 252m² muka 13m jalan 5m, 6 mnt timur UNS",Rp 680.000.000,"Mojolaban, Sukoharjo Kab.",315.0,204.0,1.0,2.0
Tanah disewakan di gondangrejo karanganyar  cocok untuk peternakan,Rp 231.350.000,"Gondangrejo, Karanganyar Kab.",315.0,199.0,1.0,2.0
Di Kontrakkan Kantor Semarang 880,Rp 3.000.000,"Gajah Mungkur, Semarang Kota",300.0,180.0,1.0,2.0
Hunian Asri di Lokasi Strategis Dekat Universitas Terbuka Solo,Rp 300.000.000,"Karanganyar Kab., Jawa Tengah",314.0,192.0,1.0,2.0
Rumah dijual cepat murah dekat jalan mangesti raya gentan,Rp 475.000.000,"Baki, Sukoharjo Kab.",273.0,218.0,1.0,2.0
RUMAH SIAP HUNI 400 JUTAAN DEKAT TERMINAL KLATEN,Rp 420.000.000,"Klaten Selatan, Klaten Kab.",279.0,212.0,1.0,2.0
Rumah dijual dekat kampus UMS,Rp 1.490.000.000,"Kartasura, Sukoharjo Kab.",519.0,374.0,2.0,3.0
"Dijual rumah Syuhada Permai aman, nyaman siap huni, Cash dan KPR siap.",Rp 675.000.000,"Pedurungan, Semarang Kota",318.0,203.0,1.0,2.0
Rumah Modern minimalis bebas Biaya Notaris,Rp 799.000.000,"Pedurungan, Semarang Kota",278.0,213.0,1.0,2.0
Bismillah..Dijual tanah kavling siap bangun,Rp 265.000.000,"Cilacap Utara, Cilacap Kab.",293.0,198.0,1.0,2.0
Jual rumah tanah Dp minim 10 jt terima kunci.SKB,Rp 400.000.000,"Mayong, Jepara Kab.",306.0,202.0,1.0,2.0
Dijual Kost 8 Pintu Solo Banjarsari kadipiro Dekat Akper STIEKES Jayaw,Rp 400.000.000,"Banjarsari, Surakarta Kota",312.0,184.0,1.0,2.0
Tanah Solobaru di Ahfa soba kawasan ramai,Rp 214.000.000,"Solo Baru, Surakarta Kota",316.0,188.0,1.0,2.0
Tanah Solobaru di Ahfa soba kawasan ramai,Rp 214.000.000,"Kartasura, Sukoharjo Kab.",277.0,196.0,1.0,2.0
Ruko dijual murah jejer 2 lokasi kampus UMS,Rp 3.000.000.000,"Kartasura, Sukoharjo Kab.",506.0,378.0,2.0,3.0
Rumah tengah kota Liman TownHouse,Rp 700.000.000,"Semarang Timur, Semarang Kota",300.0,202.0,1.0,2.0
Dijual Rumah Mewah 2 Lt Full Furnished Posisi Hook Di Villa Aster,Rp 3.990.000.000,"Banyumanik, Semarang Kota",473.0,340.0,2.0,3.0
Alfa Luxury dengan desain american classic style hanya 400 jutaan,Rp 415.000.000,"Mranggen, Demak Kab.",323.0,209.0,1.0,2.0
Perumahan Gumpang ±6 Menit Kampus UMS Surakarta Solo,Rp 530.900.000,"Kartasura, Sukoharjo Kab.",320.0,190.0,1.0,2.0
BISMILLAHIRRAHMANIRRAHIM DIJUAL RUMAH 2 LANTAI,Rp 240.000.000,"Bayat, Klaten Kab.",318.0,195.0,1.0,2.0
Perumahan Gumpang ±6 Menit Kampus UMS Surakarta Solo,Rp 530.900.000,"Jebres, Surakarta Kota",322.0,215.0,1.0,2.0
Perumahan Semarang Barat luas tanah 157m mulai 900jt an,Rp 900.000.000,"Mijen, Semarang Kota",313.0,196.0,1.0,2.0
"Tanah murah Bonus Rumah view pegunungan, sawah dan rawapening",Rp 3.000.000.000,"Tuntang, Semarang Kab.",537.0,369.0,2.0,3.0
Dijual cepat tanpa perantara ( milik sendiri),Rp 500.000.000,"Sidorejo, Salatiga Kota",322.0,211.0,1.0,2.0
Jual Kontrakan Kos Jl Tawang Rajekwesi I Semarang Barat Kota,Rp 2.700.000.000,"Semarang Tengah, Semarang Kota",491.0,360.0,2.0,3.0
"12 KAMAR,TERMURAH, STRATEGIS LOKASI,RUMAH KOST RING 1 KAMPUS UNDIP SMG",Rp 2.750.000.000,"Tembalang, Semarang Kota",472.0,326.0,2.0,3.0
"Cari hunian yg nyaman, tenang & tak jauh dr Sragen Kota?",Rp 360.000.000,"Sragen Kab., Jawa Tengah",315.0,210.0,1.0,2.0
"Kalau soal pemilu, pilihlah sesuai hati nurani",Rp 650.000.000,"Sragen Kab., Jawa Tengah",272.0,205.0,1.0,2.0
"Yg ini nich cocok banget buat : Mini Cluster, Ruko, Rukan",Rp 2.650.000.000,"Sragen Kab., Jawa Tengah",478.0,348.0,2.0,3.0
Dua Tanah kavling (No. 1 & 2) di lingkungan yg berkembang,Rp 185.000.000,"Sragen Kab., Jawa Tengah",282.0,180.0,1.0,2.0
Asyik tuch ngopi di teras ini?,Rp 14.500.000,"Sragen Kab., Jawa Tengah",270.0,214.0,1.0,2.0
Buat yg cari Tanah di dekat masjid,Rp 345.000.000,"Sragen Kab., Jawa Tengah",288.0,216.0,1.0,2.0
Modelnya Minimalis  Lokasinya di Sragen Manggis Jangan sampai Habis,Rp 375.000.000,"Sragen Kab., Jawa Tengah",315.0,198.0,1.0,2.0
Mau tinggal nyaman di perkampungan ya?,Rp 225.000.000,"Karangmalang, Sragen Kab.",322.0,210.0,1.0,2.0
Ndak mau pulang mudik berjubel?,Rp 415.000.000,"Sragen Kab., Jawa Tengah",270.0,187.0,1.0,2.0
Yg sudah siap HUNI buat lebaran NANTI,Rp 385.000.000,"Sragen Kab., Jawa Tengah",296.0,215.0,1.0,2.0
Pingin punya rumah dg suasana yg syahdu?,Rp 650.000.000,"Sragen Kab., Jawa Tengah",315.0,216.0,1.0,2.0
Jual Cepat Rumah Siap Huni HOEK dan Full Furnished dekat Polda,Rp 2.499.800.000,"Semarang Barat, Semarang Kota",522.0,351.0,2.0,3.0
Kebun durian dan rumah,Rp 950.000.000,"Kedung Banteng, Banyumas Kab.",315.0,192.0,1.0,2.0
RUMAH BESAR BARU KOKOH HOOK DIJUAL MURAH MERIAH,Rp 550.000.000,"Sidomukti, Salatiga Kota",286.0,194.0,1.0,2.0
"DIJUAL MURAH RUMAH 2 LANTAI, GRAHA MUKTI UTAMA, PEDURUNGAN",Rp 470.000.000,"Pedurungan, Semarang Kota",319.0,209.0,1.0,2.0
DIJUAL : Tanah kavling di lingkungan yg berkembang,Rp 180.000.000,"Sragen Kab., Jawa Tengah",307.0,208.0,1.0,2.0
"Ini lho yg rumah 2 lantai  View Gunung Lawu, yg Bikin Syahdu",Rp 650.000.000,"Sragen Kab., Jawa Tengah",325.0,189.0,1.0,2.0
DIJUAL : Tanah di belakang PEMDA Sragen,Rp 320.000.000,"Sragen Kab., Jawa Tengah",305.0,190.0,1.0,2.0
Tinggal bbrp unit lagi ya?,Rp 360.000.000,"Sragen Kab., Jawa Tengah",272.0,216.0,1.0,2.0
"Yg ini nich cocok banget buat : Mini Cluster, Ruko, Rukan",Rp 2.400.000.000,"Sragen Kab., Jawa Tengah",478.0,382.0,2.0,3.0
Kenapa mencari yg belum pasti?,Rp 2.300.000.000,"Sragen Kab., Jawa Tengah",545.0,347.0,2.0,3.0
Dijual SEGERA : Tanah Pekarangan dg BONUS Bangunan di Pecing Sragen,Rp 625.000.000,"Sragen, Sragen Kab.",275.0,180.0,1.0,2.0
"DIJUAL Tanah pekarangan :  Lingkungan Damai, bisa bikin Santai",Rp 410.000.000,"Karangmalang, Sragen Kab.",281.0,214.0,1.0,2.0
Mau tinggal di lokasi yg aman & nyaman?,Rp 360.000.000,"Sragen Kab., Jawa Tengah",316.0,213.0,1.0,2.0
Dijual :   Lahan emas dg harga paling pantas,Rp 3.000.000.000,"Sragen Kab., Jawa Tengah",515.0,330.0,2.0,3.0
"Lokasi di Kawasan EMAS, BISNIS & KULINERNYA Sragen",Rp 36.000.000,"Sragen Kab., Jawa Tengah",312.0,206.0,1.0,2.0
"DIJUAL TANAH DI BLONDO, MAGELANG",Rp 5.000.000,"Mertoyudan, Magelang Kab.",276.0,189.0,1.0,2.0
Untuk disewakan Apartment Menara One Type Studio.,Rp 3.500.000,"Kartasura, Sukoharjo Kab.",305.0,183.0,1.0,2.0
"jual rumah limasan ,gebyok keliling",Rp 35.000.000,"Paranggupito, Wonogiri Kab.",321.0,208.0,1.0,2.0
Cluster Amaryllis beli rumah free EMAS ANTAM TANPA DIUNDI,Rp 35.900.000,"Ngaliyan, Semarang Kota",299.0,189.0,1.0,2.0
DIJUAL MURAH : Sebidang tanah di Sragen Kota,Rp 545.000.000,"Sragen Kab., Jawa Tengah",326.0,210.0,1.0,2.0
"Rumah cantik , tapi soal harga ndak sampai selangitlah",Rp 335.000.000,"Sragen Kab., Jawa Tengah",319.0,192.0,1.0,2.0
Dikontrakkan Rumah 2 Lantai,Rp 13.000.000,"Sragen Kab., Jawa Tengah",306.0,182.0,1.0,2.0
Klu rumah secakep ini layak kasih skor brp ya?,Rp 370.000.000,"Sragen Kab., Jawa Tengah",325.0,219.0,1.0,2.0
DIJUAL TANAH PEKARANGAN MURAH DEKAT POLSEK POLOKARTO,Rp 72.000.000,"Sukoharjo Kab., Jawa Tengah",316.0,209.0,1.0,2.0
"Rumah cantik , tapi soal harga ndak sampai selangitlah",Rp 330.000.000,"Sragen Kab., Jawa Tengah",285.0,190.0,1.0,2.0
Disini perumahan mewah dan megah dekat dengan kampus Unnes,Rp 1.000.000.000,"Gunungpati, Semarang Kota",272.0,196.0,1.0,2.0
SEMI FURNISHED RUMAH MEWAH SRI REJEKI SEMARANG BARAT,Rp 1.800.000.000,"Semarang Barat, Semarang Kota",530.0,323.0,2.0,3.0
Dijual Rumah Tingkat 2 Lantai Siap Pakai di Perumahan Puri Anjasmoro,Rp 1.650.000.000,"Puri Anjasmoro, Semarang Kota",500.0,375.0,2.0,3.0
RUMAH MURAH SIAP HUNI DI DALAM PERUMAHAN DEKAT TERMINAL KLATEN,Rp 395.000.000,"Klaten Selatan, Klaten Kab.",297.0,217.0,1.0,2.0
"Jual tanah pertanian di daerah DESA TEGALREJO, KEC.GONDANG, KAB.SRAGEN",Rp 200.000.000,"Gondang, Sragen Kab.",289.0,182.0,1.0,2.0
"Tanah SHM di Sadeng, Gunungpati Dekat Waduk Jati Barang & Kreo",Rp 800.000,"Gunungpati, Semarang Kota",286.0,217.0,1.0,2.0
Rumah Murah 2 Lt Tengah Kota Gemah Kedungmundu Kampus Unimus,Rp 729.000.000,"Semarang Tengah, Semarang Kota",290.0,217.0,1.0,2.0
Jual Tanah Kering dan sudah dipondasi,Rp 2.500.000,"Bayan, Purworejo Kab.",314.0,186.0,1.0,2.0
Disewakan 18 Juta Pertahun Rumah 3 KT Palur 3 KM UNS Solo,Rp 18.000.000,"Jebres, Surakarta Kota",328.0,195.0,1.0,2.0
"Jual tanah pertanian di daerah DESA TEGALREJO,KEC. GONDANG, KAB.SRAGEN",Rp 250.000.000,"Gondang, Sragen Kab.",285.0,182.0,1.0,2.0
Tanah Pekarangan Mayong Lokasi Strategis,Rp 2.500.000,"Mayong, Jepara Kab.",317.0,192.0,1.0,2.0
Rumah Nyaman 2 Lt Harga Turun Di Purbayan Baki SKH,Rp 590.000.000,"Baki, Sukoharjo Kab.",315.0,212.0,1.0,2.0
"Rumah cocok untuk usaha, kantor, Jl. Ahmad Yani, dekat Simpang Lima",Rp 33.000.000.000,"Semarang Selatan, Semarang Kota",1006.0,801.0,4.0,6.0
Rumah Mewah DP 5 JT ALL IN Di Plesungan Hanya 10 Unit Dalam Cluster,Rp 190.000.000,"Surakarta Kota, Jawa Tengah",307.0,207.0,1.0,2.0
Rumah Satu Lantai Dekat Kota,Rp 450.000.000,"Boja, Kendal Kab.",283.0,196.0,1.0,2.0
Rumah Dijual Solo Kota Surakarta Jajar Laweyan karangasem Alila Fajar,Rp 781.000.000,"Laweyan, Surakarta Kota",302.0,199.0,1.0,2.0
Rumah tingkat Lokasi strategis pinggir jln raya,Rp 550.000.000,"Semarang Selatan, Semarang Kota",274.0,204.0,1.0,2.0
RUMAH MURAH TLOGOMULYO,Rp 599.000.000,"Semarang Timur, Semarang Kota",308.0,190.0,1.0,2.0
Tanah jln raya cawas klaten,Rp 4.000.000,"Cawas, Klaten Kab.",313.0,192.0,1.0,2.0
RUMAH MURAH SELATAN KAMPUS UMS SOLO DAN KAMPIS ITB AAS SOLO,Rp 200.000.000,"Laweyan, Surakarta Kota",276.0,219.0,1.0,2.0
Dijual Tanah 225 M  Full Strategis,Rp 2.850.111,"Mijen, Semarang Kota",324.0,201.0,1.0,2.0
DIJUAL Puncak Kertajaya 2br furnish NEW lantai rendah MURAH,Rp 345.000.000,"Sukolilo, Pati Kab.",284.0,198.0,1.0,2.0
"Manfaatkan promonya, dapatkan harga terbaik cluster elegant banyumanik",Rp 355.000.000,"Banyumanik, Semarang Kota",310.0,207.0,1.0,2.0
CLUSTER KOST HARGA PROMO MULAWARMAN UNDIP TEMBALANG,Rp 825.000.000,"Tembalang, Semarang Kota",324.0,187.0,1.0,2.0
"RUMAH MURAH SIAP HUNI, TANAH LUAS DEKAT SMPN2 MAGELANG KOTA",Rp 2.000.000.000,"Magelang Utara, Magelang Kota",504.0,343.0,2.0,3.0
"Dijual Rumah Siap Pakai di Perumahan Bsb Village , Semarang",Rp 550.000.000,"Mijen, Semarang Kota",285.0,214.0,1.0,2.0
Kost byk K. tidur di mulawarman tembalang Undip,Rp 2.700.000.000,"Tembalang, Semarang Kota",548.0,344.0,2.0,3.0
Dijual Rumah Siap Pakai di Perumahan Bsb City Semarang,Rp 1.100.000.000,"Ngaliyan, Semarang Kota",453.0,340.0,2.0,3.0
JUAL TANAH DI GEBANG PURWOREJO JAWA TENGAH,Rp 15.000.000.000,"Purworejo, Purworejo Kab.",931.0,868.0,4.0,6.0
RUMAH DIJUAL PURWOKERTO UTARA,Rp 830.000.000,"Purwokerto Utara, Banyumas Kab.",275.0,188.0,1.0,2.0
kavling murah Gunungpati,Rp 125.000.000,"Semarang Kab., Jawa Tengah",315.0,184.0,1.0,2.0
Dijual cepat Perumahan Permata Batursari,Rp 350.000.000,"Mranggen, Demak Kab.",322.0,191.0,1.0,2.0
"Dijual Cepat Rumah Tinggal, Kos2an Genuk dekat Kampus Rs Sultan Agung",Rp 4.750.000.000,"Genuk, Semarang Kota",473.0,371.0,2.0,3.0
Dijual / Dikontrakkan Ruko Bebas Banjir Beserta Isinya Tembalang,Rp 36.000.000,"Tembalang, Semarang Kota",293.0,195.0,1.0,2.0
Rumah Dua Lantai Lokasi Strategis,Rp 450.000.000,"Boja, Kendal Kab.",279.0,191.0,1.0,2.0
RUMAH MEWAH UNNES SATU SATUNYA,Rp 649.999.999,"Gunungpati, Semarang Kota",281.0,181.0,1.0,2.0
dijualtestrumah4,Rp 168.514.612,"Sapuran, Wonosobo Kab.",326.0,190.0,1.0,2.0
"RUMAH CLUSTER MEWAH DI BAKI, 5 MENIT KE LUWES GENTAN",Rp 1.000.000.000,"Solo Baru, Surakarta Kota",305.0,214.0,1.0,2.0
Rumah 2 Lantai Bebas Banjir di Semarang Barat,Rp 1.816.976.126,"Semarang Barat, Semarang Kota",478.0,372.0,2.0,3.0
Penggemar Hijau? Tanah Sawah 1850 m2 di Sawit Boyolali Menanti Anda,Rp 500.000.000,"Sawit, Boyolali Kab.",302.0,202.0,1.0,2.0
Hunian Cantik Modern dekat Exit Tol Ungaran,Rp 350.000.000,"Ungaran Barat, Semarang Kab.",307.0,187.0,1.0,2.0
Rumah Baru Murah Dekat Hotel Horison Majapahit Pedurungan Semarang,Rp 485.000.000,"Pedurungan, Semarang Kota",290.0,190.0,1.0,2.0
"Dijual Take Over Pabrik Garment Aktif 1,3 Ha Teras, Boyolali BU",Rp 25.000.000.000,"Boyolali Kab., Jawa Tengah",995.0,770.0,4.0,6.0
Dijual Gudang Industri Pergudangan 2600m2 Berlimbah Sukoharjo BU,Rp 10.000.000.000,"Sukoharjo Kab., Jawa Tengah",713.0,472.0,3.0,4.0
Rumah dengan view pegunungan terbaik disemarang atas siap tempati,Rp 350.500.000,"Banyumanik, Semarang Kota",319.0,207.0,1.0,2.0
"Disewakan Gudang Industri 6000m2 Berlimbah Kebakkramat,Karanganyar",Rp 850.000.000,"Karanganyar Kab., Jawa Tengah",303.0,204.0,1.0,2.0
"Dijual Lahan Zona Industri 3,5 Ha Lokasi Kebonbimo, Boyolali  BU",Rp 28.000.000.000,"Boyolali Kab., Jawa Tengah",1092.0,836.0,4.0,6.0
"Rumah 2 Lantai daerah premium Banyumanik, Semarang",Rp 850.000.000,"Banyumanik, Semarang Kota",321.0,211.0,1.0,2.0
"Rumah nyaman tengah kota banyumanik, Semarang",Rp 850.000.000,"Banyumanik, Semarang Kota",304.0,196.0,1.0,2.0
"Dijual Lahan Zona Industri 3,5Ha Lokasi di Kebonbimo, Boyolali  BU",Rp 28.000.000.000,"Boyolali Kab., Jawa Tengah",930.0,846.0,4.0,6.0
Turun Harga Lagi Rumah Murah Siap Huni Lokasi Ngringo Jaten,Rp 480.000.000,"Jaten, Karanganyar Kab.",322.0,192.0,1.0,2.0
Rumah baru ready dan pesan bangun,Rp 275.000.000,"Banjarsari, Surakarta Kota",298.0,207.0,1.0,2.0
RUMAH DEKAT KOTA SEMARANG DP 50 JUTA ALL IN,Rp 375.000.000,"Semarang Timur, Semarang Kota",275.0,209.0,1.0,2.0
Dijual Tanah Dan Bangunan Usaha di Matesih Karanganyar Solo,Rp 1.200.000.000,"Matesih, Karanganyar Kab.",512.0,381.0,2.0,3.0
"Disewakan Gudang Industri 6000m2 Lokasi di Kebakkramat, Karanganyar",Rp 850.000.000,"Karanganyar Kab., Jawa Tengah",291.0,204.0,1.0,2.0
Tanah di jalan wongsonegoro ngaliyan,Rp 1.225.000.000,"Ngaliyan, Semarang Kota",546.0,362.0,2.0,3.0
Dijual Gudang Industri Pergudangan 2600m2 Berlimbah di  Sukoharjo BU,Rp 10.000.000.000,"Sukoharjo Kab., Jawa Tengah",743.0,520.0,3.0,4.0
"Dijual Take Over Pabrik Garment Aktif 1,3 Ha di Teras, Boyolali BU",Rp 25.000.000.000,"Boyolali Kab., Jawa Tengah",1026.0,753.0,4.0,6.0
"Dijual Take Over Pabrik Garment Aktif 1,3 Ha Lokasi Teras,Boyolali",Rp 25.000.000.000,"Boyolali Kab., Jawa Tengah",912.0,761.0,4.0,6.0
Dijual Gudang Industri 2600m2 Berlimbah Lokasi Sukoharjo BU,Rp 10.000.000.000,"Sukoharjo Kab., Jawa Tengah",705.0,487.0,3.0,4.0
"Disewakan Gudang Industri Pergudangan 6000m Kebakkramat,Karanganyar.",Rp 850.000.000,"Karanganyar Kab., Jawa Tengah",283.0,182.0,1.0,2.0
Tanah Luas Strategis di Pandeyan Baki Sukoharjo (EL),Rp 2.270.000.000,"Baki, Sukoharjo Kab.",466.0,348.0,2.0,3.0
"Dijual Lahan Zona Industri 3,5 Hektar Lokasi Kebonbimo,Boyolali.",Rp 28.000.000.000,"Boyolali Kab., Jawa Tengah",1074.0,739.0,4.0,6.0
"Dijual Lahan Zona Industri Luas 3,5 Ha Lokasi Kebonbimo, Boyolali Bu.",Rp 28.000.000.000,"Boyolali Kab., Jawa Tengah",1087.0,767.0,4.0,6.0
DIJUAL TANAH PUSPONJOLO DEKAT JALAN SILIWANGI SEMARANG BARAT,Rp 1.500.000.000,"Semarang Barat, Semarang Kota",548.0,351.0,2.0,3.0
Dijual tanah untuk usaha,Rp 1.000.000.000,"Kartasura, Sukoharjo Kab.",279.0,183.0,1.0,2.0
Ruko Strategis Disewakan depan Depo pelita Sokaraja,Rp 50.000.000,"Sokaraja, Banyumas Kab.",314.0,191.0,1.0,2.0
"Banyumanik punya, Rumah mewah 2 lantai full furnish dan perabotan",Rp 2.500.000.000,"Banyumanik, Semarang Kota",463.0,357.0,2.0,3.0
Tanah pekarangan dan Rumah Gebyok,Rp 1.250.000.000,"Ngemplak, Boyolali Kab.",479.0,339.0,2.0,3.0
DIJUAL RUMAH FULL FIRNISHIED HILAGO BSB CITY I SEMARANG BARAT,Rp 3.000.000.000,"Semarang Barat, Semarang Kota",470.0,326.0,2.0,3.0
DIJUAL TANAH KUMUDASWORO PAMULARSIH SEMARANG BARAT,Rp 1.150.000.000,"Semarang Barat, Semarang Kota",524.0,350.0,2.0,3.0
DIJUAL TANAH ADA VIEW DI BUKIT SARI GOMBEL BANYUMANIK SEMARANG,Rp 6.500.000.000,"Semarang Selatan, Semarang Kota",724.0,546.0,3.0,4.0
DIJUAL TANAH PINGGIR JALAN RAYA DEKAT GATOT SUBROTO SEMARANG,Rp 1.600.000.000,"Semarang Barat, Semarang Kota",477.0,343.0,2.0,3.0
DIJUAL TANAH DALAM PERUM SAMPANGAN SEMARANG,Rp 400.000.000,"Semarang Selatan, Semarang Kota",310.0,190.0,1.0,2.0
RUMAH SIAP HUNI JANGLI DEKAT JATINGALEH DAN AKPOL,Rp 650.000.000,"Semarang Selatan, Semarang Kota",323.0,211.0,1.0,2.0
RUMAH MEWAH    GAJAHMUNGKUR DEKAT RS KARIADI DAN RS ELIZABETH SEMARANG,Rp 6.000.000.000,"Gajah Mungkur, Semarang Kota",760.0,508.0,3.0,4.0
TANAH KAVLING DEKAT WISATA PEMANCINGAN NGREMBEL CEPOKO GUNUNGPATI,Rp 130.000.000,"Gunungpati, Semarang Kota",311.0,186.0,1.0,2.0
DIJUAL RUMAH DEKAT PASAR NGAL,Rp 850.000.000,"Ngaliyan, Semarang Kota",299.0,206.0,1.0,2.0
BU Rumah Murah Banyumas nyaman tanah lega di Kaliori Banyumas,Rp 650.000.000,"Banyumas, Banyumas Kab.",297.0,191.0,1.0,2.0
"Rumah Sonorejo, Sukoharjo",Rp 480.000.000,"Trangkil, Pati Kab.",275.0,188.0,1.0,2.0
[JALAN 7 METER] RUMAH DI BOLON COLOMADU DEKAT BANDARA DAN KFC KARTASUR,Rp 385.000.000,"Banjarsari, Surakarta Kota",300.0,197.0,1.0,2.0
Jual tanah pekarangan (shm) jln ngargoyoso-kemuning,Rp 2.500.000,"Ngargoyoso, Karanganyar Kab.",317.0,199.0,1.0,2.0
Disewakan Tanah Strategis Plus Rumah di Jalan Utama Kota Solo,Rp 125.000.000,"Banjarsari, Surakarta Kota",323.0,209.0,1.0,2.0
DIJUAL RUMAH DI PINTU AIR RANGKUI KOTA PANGKAL PINANG BANGKA BELITUNG,Rp 200.000.000,"Bae, Kudus Kab.",302.0,199.0,1.0,2.0
Rumah etnik 5 menit dari alun-alun Klaten legalitas SHM,Rp 475.000.000,"Klaten Selatan, Klaten Kab.",327.0,192.0,1.0,2.0
(RUMAH 1 LANTAI FOAR SALE HARGA 370 JuTa) DI COLOMADU,Rp 370.000.000,"Kartasura, Sukoharjo Kab.",277.0,214.0,1.0,2.0
(RUMAH 1 LANTAI FOAR SALE HARGA 370 JuTa) DI COLOMADU,Rp 370.000.000,"Kartasura, Sukoharjo Kab.",287.0,217.0,1.0,2.0
JUAL RUMAH READY DI TORIYO TIMUR GOR MERDEKA JOMBOR SUKOHARJO KOTA,Rp 381.000.000,"Sukoharjo Kab., Jawa Tengah",296.0,202.0,1.0,2.0
(RUMAH 2 LANTAI FOAR SALE HARGA 623 JuTa) DI COLOMADU,Rp 623.000.000,"Kartasura, Sukoharjo Kab.",293.0,203.0,1.0,2.0
(RUMAH 2 LANTAI  FOAR SALE HARGA 623 JuTa) DI COLOMADU,Rp 623.000.000,"Kartasura, Sukoharjo Kab.",302.0,197.0,1.0,2.0
(RUMAH SCANDINAVIAN FOAR SALE HARGA 475 JuTa) DI COLOMADU,Rp 475.000.000,"Kartasura, Sukoharjo Kab.",278.0,199.0,1.0,2.0
(RUMAH SCANDINAVIAN FOAR SALE HARGA 475 JuTa) DI COLOMADU,Rp 475.000.000,"Kartasura, Sukoharjo Kab.",294.0,191.0,1.0,2.0
"Rumah Murah Purwokerto Barat Perumahan Siap Huni Dekat Stasiun, Mall",Rp 285.000.000,"Purwokerto Barat, Banyumas Kab.",329.0,191.0,1.0,2.0
(RUMAH SCANDINAVIAN FOAR SALE HARGA 650 JuTa) DI COLOMADU,Rp 650.000.000,"Kartasura, Sukoharjo Kab.",271.0,215.0,1.0,2.0
(RUMAH SCANDINAVIAN FOAR SALE HARGA 650 JuTa) DI COLOMADU,Rp 650.000.000,"Kartasura, Sukoharjo Kab.",295.0,217.0,1.0,2.0
